method,n_examples,json_valid_rate,schema_repair_rate,coverage,defer_rate,accuracy_non_deferred,f1_toxic_non_deferred,risk_non_deferred,fpr_non_deferred,fnr_non_deferred,avg_latency_ms,auroc_all,auprc_all,avg_tokens_per_sec,avg_generated_or_scored_tokens
Direct Generation,100,0.83,0.24,0.78,0.22,0.8076923076923077,0.8351648351648352,0.1923076923076923,0.2647058823529412,0.13636363636363635,5171.536314487457,0.8040947410678442,0.7762542185114494,11.613397956809063,57.26
Log-likelihood A/B/C,100,1.0,0.0,0.7,0.3,0.7571428571428571,0.8247422680412371,0.24285714285714288,0.5,0.09090909090909091,437.29352474212646,0.8362103572862304,0.8354071374370231,7.095046267970625,3.0
Self-Consistency,100,0.8166666666666665,0.2533333333333333,0.67,0.33,0.8507462686567164,0.875,0.14925373134328357,0.21428571428571427,0.10256410256410256,14805.561423301697,0.7898434363709355,0.7723531216444239,11.804325256700968,174.73
