{
  "method": "Direct Generation",
  "n_examples": 100,
  "json_valid_rate": 0.83,
  "schema_repair_rate": 0.24,
  "defer_rate": 0.22,
  "coverage": 0.78,
  "avg_latency_ms": 5171.536314487457,
  "avg_tokens_per_sec": 11.613397956809063,
  "avg_generated_or_scored_tokens": 57.26,
  "auroc_all": 0.8040947410678442,
  "auprc_all": 0.7762542185114494,
  "non_deferred_examples": 78,
  "accuracy_non_deferred": 0.8076923076923077,
  "f1_toxic_non_deferred": 0.8351648351648352,
  "risk_non_deferred": 0.1923076923076923,
  "fpr_non_deferred": 0.2647058823529412,
  "fnr_non_deferred": 0.13636363636363635,
  "confusion_matrix_labels": [
    "NON_TOXIC",
    "TOXIC"
  ],
  "confusion_matrix": [
    [
      25,
      9
    ],
    [
      6,
      38
    ]
  ]
}